<?xml version="1.0" encoding="UTF-8"?>
<document type="com.apple.InterfaceBuilder3.CocoaTouch.Storyboard.XIB" version="3.0" toolsVersion="32700.99.1234" targetRuntime="iOS.CocoaTouch" propertyAccessControl="none" useAutolayout="YES" useTraitCollections="YES" useSafeAreas="YES" colorMatched="YES" initialViewController="BYZ-38-t0r">
    <device id="retina6_12" orientation="portrait" appearance="light"/>
    <dependencies>
        <plugIn identifier="com.apple.InterfaceBuilder.IBCocoaTouchPlugin" version="22685"/>
        <capability name="Safe area layout guides" minToolsVersion="9.0"/>
        <capability name="System colors in document resources" minToolsVersion="11.0"/>
        <capability name="documents saved in the Xcode 8 format" minToolsVersion="8.0"/>
    </dependencies>
    <scenes>
        <!--View Controller-->
        <scene sceneID="tne-QT-ifu">
            <objects>
                <viewController id="BYZ-38-t0r" customClass="ViewController" customModule="tareaUIUX" customModuleProvider="target" sceneMemberID="viewController">
                    <view key="view" contentMode="scaleToFill" id="8bC-Xf-vdC" userLabel="rootView">
                        <rect key="frame" x="0.0" y="0.0" width="393" height="852"/>
                        <autoresizingMask key="autoresizingMask" widthSizable="YES" heightSizable="YES"/>
                        <subviews>
                            <view contentMode="scaleToFill" translatesAutoresizingMaskIntoConstraints="NO" id="rlj-Kc-Rda" userLabel="viewTop">
                                <rect key="frame" x="0.0" y="59" width="393" height="407"/>
                                <subviews>
                                    <imageView clipsSubviews="YES" userInteractionEnabled="NO" contentMode="scaleAspectFit" fixedFrame="YES" image="arrowshape.turn.up.right.fill" catalog="system" translatesAutoresizingMaskIntoConstraints="NO" id="XHs-wC-6Wf">
                                        <rect key="frame" x="344" y="9.9999999999999929" width="41" height="41"/>
                                        <autoresizingMask key="autoresizingMask" flexibleMaxX="YES" flexibleMaxY="YES"/>
                                        <color key="tintColor" white="1" alpha="1" colorSpace="custom" customColorSpace="genericGamma22GrayColorSpace"/>
                                    </imageView>
                                    <imageView clipsSubviews="YES" userInteractionEnabled="NO" contentMode="scaleAspectFit" image="list.bullet" catalog="system" translatesAutoresizingMaskIntoConstraints="NO" id="uGS-uc-OFQ">
                                        <rect key="frame" x="8" y="11" width="41" height="41"/>
                                        <color key="tintColor" white="1" alpha="1" colorSpace="custom" customColorSpace="genericGamma22GrayColorSpace"/>
                                        <rect key="contentStretch" x="1" y="1" width="1" height="1"/>
                                        <constraints>
                                            <constraint firstAttribute="width" constant="41" id="9ec-dX-F6B"/>
                                        </constraints>
                                    </imageView>
                                    <stackView opaque="NO" contentMode="scaleToFill" spacing="20" translatesAutoresizingMaskIntoConstraints="NO" id="Ck0-yz-9wz">
                                        <rect key="frame" x="0.0" y="334" width="393" height="73"/>
                                        <subviews>
                                            <view contentMode="scaleToFill" translatesAutoresizingMaskIntoConstraints="NO" id="Tdf-3G-bhU" userLabel="musicas">
                                                <rect key="frame" x="0.0" y="0.0" width="118" height="73"/>
                                                <subviews>
                                                    <label opaque="NO" userInteractionEnabled="NO" contentMode="left" horizontalHuggingPriority="251" verticalHuggingPriority="251" fixedFrame="YES" text="127" textAlignment="natural" lineBreakMode="tailTruncation" baselineAdjustment="alignBaselines" adjustsFontSizeToFit="NO" translatesAutoresizingMaskIntoConstraints="NO" id="Ja8-hB-IUK">
                                                        <rect key="frame" x="57.333333333333336" y="26.333333333333314" width="26.666666666666664" height="20.333333333333329"/>
                                                        <autoresizingMask key="autoresizingMask" flexibleMaxX="YES" flexibleMaxY="YES"/>
                                                        <fontDescription key="fontDescription" type="system" pointSize="17"/>
                                                        <color key="textColor" white="1" alpha="1" colorSpace="custom" customColorSpace="genericGamma22GrayColorSpace"/>
                                                        <nil key="highlightedColor"/>
                                                    </label>
                                                    <imageView clipsSubviews="YES" userInteractionEnabled="NO" contentMode="scaleAspectFit" fixedFrame="YES" image="music.note" catalog="system" translatesAutoresizingMaskIntoConstraints="NO" id="oVh-UO-3lc">
                                                        <rect key="frame" x="8" y="16" width="41.333333333333336" height="41.666666666666671"/>
                                                        <autoresizingMask key="autoresizingMask" flexibleMaxX="YES" flexibleMaxY="YES"/>
                                                        <color key="tintColor" white="1" alpha="1" colorSpace="custom" customColorSpace="genericGamma22GrayColorSpace"/>
                                                    </imageView>
                                                </subviews>
                                                <color key="backgroundColor" red="0.80000000000000004" green="0.36470588240000001" blue="0.29803921570000003" alpha="1" colorSpace="calibratedRGB"/>
                                                <color key="tintColor" red="1" green="0.63242360070000003" blue="0.19271479529999999" alpha="1" colorSpace="custom" customColorSpace="sRGB"/>
                                            </view>
                                            <view contentMode="scaleToFill" translatesAutoresizingMaskIntoConstraints="NO" id="sSJ-hC-Uzs" userLabel="personas">
                                                <rect key="frame" x="138" y="0.0" width="117" height="73"/>
                                                <subviews>
                                                    <imageView clipsSubviews="YES" userInteractionEnabled="NO" contentMode="scaleAspectFit" fixedFrame="YES" image="person.2.fill" catalog="system" translatesAutoresizingMaskIntoConstraints="NO" id="o5j-Zd-19V">
                                                        <rect key="frame" x="8" y="16.666666666666657" width="41" height="41"/>
                                                        <autoresizingMask key="autoresizingMask" flexibleMaxX="YES" flexibleMaxY="YES"/>
                                                        <color key="tintColor" white="1" alpha="1" colorSpace="custom" customColorSpace="genericGamma22GrayColorSpace"/>
                                                    </imageView>
                                                    <label opaque="NO" userInteractionEnabled="NO" contentMode="left" horizontalHuggingPriority="251" verticalHuggingPriority="251" fixedFrame="YES" text="2261" textAlignment="natural" lineBreakMode="tailTruncation" baselineAdjustment="alignBaselines" adjustsFontSizeToFit="NO" translatesAutoresizingMaskIntoConstraints="NO" id="yV4-Bg-BDR">
                                                        <rect key="frame" x="57" y="26" width="38" height="21"/>
                                                        <autoresizingMask key="autoresizingMask" flexibleMaxX="YES" flexibleMaxY="YES"/>
                                                        <fontDescription key="fontDescription" type="system" pointSize="17"/>
                                                        <color key="textColor" white="1" alpha="1" colorSpace="custom" customColorSpace="genericGamma22GrayColorSpace"/>
                                                        <nil key="highlightedColor"/>
                                                    </label>
                                                </subviews>
                                                <color key="backgroundColor" red="0.80000000000000004" green="0.36470588240000001" blue="0.29803921570000003" alpha="1" colorSpace="calibratedRGB"/>
                                                <color key="tintColor" red="0.80000000000000004" green="0.36470588240000001" blue="0.29803921570000003" alpha="1" colorSpace="calibratedRGB"/>
                                            </view>
                                            <view contentMode="scaleToFill" translatesAutoresizingMaskIntoConstraints="NO" id="NlJ-A4-gwY" userLabel="corazones">
                                                <rect key="frame" x="275" y="0.0" width="118" height="73"/>
                                                <subviews>
                                                    <label opaque="NO" userInteractionEnabled="NO" contentMode="left" horizontalHuggingPriority="251" verticalHuggingPriority="251" fixedFrame="YES" text="5331" textAlignment="natural" lineBreakMode="tailTruncation" baselineAdjustment="alignBaselines" adjustsFontSizeToFit="NO" translatesAutoresizingMaskIntoConstraints="NO" id="7w0-6d-4OI">
                                                        <rect key="frame" x="57" y="26.333333333333314" width="38" height="20.333333333333329"/>
                                                        <autoresizingMask key="autoresizingMask" flexibleMaxX="YES" flexibleMaxY="YES"/>
                                                        <fontDescription key="fontDescription" type="system" pointSize="17"/>
                                                        <color key="textColor" white="1" alpha="1" colorSpace="custom" customColorSpace="genericGamma22GrayColorSpace"/>
                                                        <nil key="highlightedColor"/>
                                                    </label>
                                                    <imageView clipsSubviews="YES" userInteractionEnabled="NO" contentMode="scaleAspectFit" fixedFrame="YES" image="suit.heart.fill" catalog="system" translatesAutoresizingMaskIntoConstraints="NO" id="QZS-83-Jhk">
                                                        <rect key="frame" x="8" y="16" width="41" height="41"/>
                                                        <autoresizingMask key="autoresizingMask" flexibleMaxX="YES" flexibleMaxY="YES"/>
                                                        <color key="tintColor" white="1" alpha="1" colorSpace="custom" customColorSpace="genericGamma22GrayColorSpace"/>
                                                    </imageView>
                                                </subviews>
                                                <color key="backgroundColor" red="0.80000000000000004" green="0.36470588240000001" blue="0.29803921570000003" alpha="1" colorSpace="calibratedRGB"/>
                                                <color key="tintColor" red="1" green="0.63242360070000003" blue="0.19271479529999999" alpha="1" colorSpace="custom" customColorSpace="sRGB"/>
                                            </view>
                                        </subviews>
                                        <constraints>
                                            <constraint firstItem="sSJ-hC-Uzs" firstAttribute="leading" secondItem="Ck0-yz-9wz" secondAttribute="leading" constant="138" id="RtM-eq-wbP"/>
                                            <constraint firstItem="sSJ-hC-Uzs" firstAttribute="centerX" secondItem="Ck0-yz-9wz" secondAttribute="centerX" id="yei-Na-VnV"/>
                                        </constraints>
                                    </stackView>
                                    <imageView clipsSubviews="YES" userInteractionEnabled="NO" contentMode="scaleAspectFit" horizontalHuggingPriority="251" verticalHuggingPriority="251" image="mobile-05.jpg" translatesAutoresizingMaskIntoConstraints="NO" id="yUg-z0-VQg" userLabel="fotoPersona">
                                        <rect key="frame" x="-203.66666666666666" y="73" width="800.33333333333337" height="140"/>
                                        <constraints>
                                            <constraint firstAttribute="width" constant="800.33333333333337" id="1fG-9c-viX"/>
                                            <constraint firstAttribute="height" constant="140" id="yOU-UG-awD"/>
                                        </constraints>
                                    </imageView>
                                </subviews>
                                <color key="backgroundColor" red="0.80000000000000004" green="0.36470588235294116" blue="0.29803921568627451" alpha="1" colorSpace="calibratedRGB"/>
                                <constraints>
                                    <constraint firstItem="Ck0-yz-9wz" firstAttribute="leading" secondItem="rlj-Kc-Rda" secondAttribute="leading" id="5SG-TV-Saj"/>
                                    <constraint firstItem="yUg-z0-VQg" firstAttribute="top" secondItem="rlj-Kc-Rda" secondAttribute="top" constant="73" id="6RV-9l-xLp"/>
                                    <constraint firstItem="Ck0-yz-9wz" firstAttribute="centerX" secondItem="yUg-z0-VQg" secondAttribute="centerX" id="B2t-rr-XIN"/>
                                    <constraint firstItem="Ck0-yz-9wz" firstAttribute="centerX" secondItem="rlj-Kc-Rda" secondAttribute="centerX" id="GEM-8g-buj"/>
                                    <constraint firstItem="Ck0-yz-9wz" firstAttribute="top" secondItem="rlj-Kc-Rda" secondAttribute="top" constant="334" id="i6v-8a-FHs"/>
                                    <constraint firstItem="yUg-z0-VQg" firstAttribute="top" secondItem="uGS-uc-OFQ" secondAttribute="bottom" constant="18" id="sGk-e7-3NQ"/>
                                    <constraint firstAttribute="bottom" secondItem="Ck0-yz-9wz" secondAttribute="bottom" id="tJ6-XM-vcX"/>
                                    <constraint firstItem="uGS-uc-OFQ" firstAttribute="top" secondItem="rlj-Kc-Rda" secondAttribute="top" constant="8.0000000000000018" id="umY-yq-ljL"/>
                                    <constraint firstItem="uGS-uc-OFQ" firstAttribute="leading" secondItem="rlj-Kc-Rda" secondAttribute="leadingMargin" id="xsr-Ig-Vea"/>
                                </constraints>
                            </view>
                            <view contentMode="scaleToFill" translatesAutoresizingMaskIntoConstraints="NO" id="2km-dh-3Dg" userLabel="viewBottom">
                                <rect key="frame" x="0.0" y="466" width="393" height="352"/>
                                <subviews>
                                    <tableView clipsSubviews="YES" contentMode="scaleToFill" fixedFrame="YES" alwaysBounceVertical="YES" dataMode="prototypes" style="plain" separatorStyle="default" rowHeight="-1" estimatedRowHeight="-1" sectionHeaderHeight="-1" estimatedSectionHeaderHeight="-1" sectionFooterHeight="-1" estimatedSectionFooterHeight="-1" translatesAutoresizingMaskIntoConstraints="NO" id="qdh-4o-r1a">
                                        <rect key="frame" x="76" y="21" width="240" height="128"/>
                                        <autoresizingMask key="autoresizingMask" flexibleMaxX="YES" flexibleMaxY="YES"/>
                                        <color key="backgroundColor" systemColor="systemBackgroundColor"/>
                                    </tableView>
                                </subviews>
                                <color key="backgroundColor" systemColor="systemBackgroundColor"/>
                            </view>
                        </subviews>
                        <viewLayoutGuide key="safeArea" id="6Tk-OE-BBY"/>
                        <color key="backgroundColor" systemColor="systemBackgroundColor"/>
                        <constraints>
                            <constraint firstItem="rlj-Kc-Rda" firstAttribute="centerX" secondItem="8bC-Xf-vdC" secondAttribute="centerX" id="1S0-z5-tVi"/>
                            <constraint firstItem="2km-dh-3Dg" firstAttribute="bottom" secondItem="6Tk-OE-BBY" secondAttribute="bottom" id="2ps-nh-4C5"/>
                            <constraint firstItem="rlj-Kc-Rda" firstAttribute="leading" secondItem="2km-dh-3Dg" secondAttribute="leading" id="3WA-Wl-1un"/>
                            <constraint firstItem="2km-dh-3Dg" firstAttribute="top" secondItem="rlj-Kc-Rda" secondAttribute="bottom" id="BHc-O9-m1Z"/>
                            <constraint firstItem="rlj-Kc-Rda" firstAttribute="trailing" secondItem="2km-dh-3Dg" secondAttribute="trailing" id="J33-H4-H5F"/>
                            <constraint firstItem="rlj-Kc-Rda" firstAttribute="top" secondItem="6Tk-OE-BBY" secondAttribute="top" id="KBX-3B-wFY"/>
                            <constraint firstItem="rlj-Kc-Rda" firstAttribute="leading" secondItem="6Tk-OE-BBY" secondAttribute="leading" id="fRL-tg-pin"/>
                            <constraint firstAttribute="bottom" secondItem="rlj-Kc-Rda" secondAttribute="bottom" constant="386" id="qkB-tX-0Qx"/>
                        </constraints>
                    </view>
                    <connections>
                        <outlet property="fotoPersona" destination="yUg-z0-VQg" id="Nzv-wY-1Gc"/>
                    </connections>
                </viewController>
                <placeholder placeholderIdentifier="IBFirstResponder" id="dkx-z0-nzr" sceneMemberID="firstResponder"/>
            </objects>
            <point key="canvasLocation" x="46.564885496183201" y="-2.1126760563380285"/>
        </scene>
    </scenes>
    <resources>
        <image name="arrowshape.turn.up.right.fill" catalog="system" width="128" height="104"/>
        <image name="list.bullet" catalog="system" width="128" height="87"/>
        <image name="mobile-05.jpg" width="800" height="800"/>
        <image name="music.note" catalog="system" width="96" height="128"/>
        <image name="person.2.fill" catalog="system" width="128" height="86"/>
        <image name="suit.heart.fill" catalog="system" width="128" height="107"/>
        <systemColor name="systemBackgroundColor">
            <color white="1" alpha="1" colorSpace="custom" customColorSpace="genericGamma22GrayColorSpace"/>
        </systemColor>
    </resources>
</document>
